
<metadata xmlns="http://mcafeelabs.com/schema/automation/sample/metadata/2.0">
  <samples>
    <sample>
      <hashes>
        <hash type="md5">0D8AA0564664824089BC9CD5434F91E8</hash>
      </hashes>
      <detections>
        <detection vendor="avira" date="2013-10-01T06:20:17" source="prescan"><![CDATA[BDS/Clack.rba back-door program]]></detection>
      </detections>
    </sample>
    <sample>
      <hashes>
        <hash type="md5">28E7D6344F5DEDB796452ACC6BAA15BE</hash>
      </hashes>
      <detections>
        <detection vendor="avira" date="2013-10-01T06:20:17" source="prescan"><![CDATA[TR/Agent.1642499]]></detection>
      </detections>
    </sample>
    <sample>
      <hashes>
        <hash type="md5">3D58E60FFEFB37F2D789AE18C245123B</hash>
      </hashes>
      <detections>
        <detection vendor="avira" date="2013-10-01T06:20:17" source="prescan"><![CDATA[ADWARE/Adware.Gen7]]></detection>
      </detections>
    </sample>
    <sample>
      <hashes>
        <hash type="md5">5250D9FD5326542DA7E7ED8DA4F2641C</hash>
      </hashes>
      <detections>
        <detection vendor="avira" date="2013-10-01T06:20:17" source="prescan"><![CDATA[BDS/Clack.rba back-door program]]></detection>
      </detections>
    </sample>
    <sample>
      <hashes>
        <hash type="md5">79084F2AF4928554E98A94814EFD7E23</hash>
      </hashes>
      <detections>
        <detection vendor="avira" date="2013-10-01T06:20:17" source="prescan"><![CDATA[TR/Spy.32768.2288]]></detection>
      </detections>
    </sample>
    <sample>
      <hashes>
        <hash type="md5">C7411912367DEE29340EF64F738F35AC</hash>
      </hashes>
      <detections>
        <detection vendor="avira" date="2013-10-01T06:20:17" source="prescan"><![CDATA[Adware/Airinstall.J]]></detection>
      </detections>
    </sample>
    <sample>
      <hashes>
        <hash type="md5">E35FB5E6AA82F02D7686DB036A92539E</hash>
      </hashes>
      <detections>
        <detection vendor="avira" date="2013-10-01T06:20:17" source="prescan"><![CDATA[Adware/Bundledz.C]]></detection>
      </detections>
    </sample>
    <sample>
      <hashes>
        <hash type="md5">FEA6B3385D6C6D2D826645075CA8532F</hash>
      </hashes>
      <detections>
        <detection vendor="avira" date="2013-10-01T06:20:17" source="prescan"><![CDATA[BDS/Clack.rba back-door program]]></detection>
      </detections>
    </sample>
    <sample>
      <hashes>
        <hash type="md5">091657BF5A7839514CB453B6BBCD0C18</hash>
      </hashes>
      <detections>
        <detection vendor="avira" date="2013-10-01T06:20:17" source="prescan"><![CDATA[NO_VIRUS]]></detection>
      </detections>
    </sample>
    <sample>
      <hashes>
        <hash type="md5">092042A468141017097386C9F2BD95AD</hash>
      </hashes>
      <detections>
        <detection vendor="avira" date="2013-10-01T06:20:17" source="prescan"><![CDATA[NO_VIRUS]]></detection>
      </detections>
    </sample>
    <sample>
      <hashes>
        <hash type="md5">093989412A311E95AB2836AE922067F5</hash>
      </hashes>
      <detections>
        <detection vendor="avira" date="2013-10-01T06:20:17" source="prescan"><![CDATA[NO_VIRUS]]></detection>
      </detections>
    </sample>
    <sample>
      <hashes>
        <hash type="md5">0BC6B0528EA8FC129D10729A06D27576</hash>
      </hashes>
      <detections>
        <detection vendor="avira" date="2013-10-01T06:20:17" source="prescan"><![CDATA[NO_VIRUS]]></detection>
      </detections>
    </sample>
    <sample>
      <hashes>
        <hash type="md5">2495963F7D71DE0D9846FF9CC27AC03F</hash>
      </hashes>
      <detections>
        <detection vendor="avira" date="2013-10-01T06:20:17" source="prescan"><![CDATA[NO_VIRUS]]></detection>
      </detections>
    </sample>
    <sample>
      <hashes>
        <hash type="md5">2894CC872B412516E921163F0EB11338</hash>
      </hashes>
      <detections>
        <detection vendor="avira" date="2013-10-01T06:20:17" source="prescan"><![CDATA[NO_VIRUS]]></detection>
      </detections>
    </sample>
    <sample>
      <hashes>
        <hash type="md5">2C961534C9385E7AC155BD55075B3CF9</hash>
      </hashes>
      <detections>
        <detection vendor="avira" date="2013-10-01T06:20:17" source="prescan"><![CDATA[NO_VIRUS]]></detection>
      </detections>
    </sample>
    <sample>
      <hashes>
        <hash type="md5">2F0736C26DA8C64C030391C2A31F149A</hash>
      </hashes>
      <detections>
        <detection vendor="avira" date="2013-10-01T06:20:17" source="prescan"><![CDATA[NO_VIRUS]]></detection>
      </detections>
    </sample>
    <sample>
      <hashes>
        <hash type="md5">3B877A96131A39995EFA7ECB0F1944B2</hash>
      </hashes>
      <detections>
        <detection vendor="avira" date="2013-10-01T06:20:17" source="prescan"><![CDATA[NO_VIRUS]]></detection>
      </detections>
    </sample>
    <sample>
      <hashes>
        <hash type="md5">3F635A660379C690B056E1ABF5621981</hash>
      </hashes>
      <detections>
        <detection vendor="avira" date="2013-10-01T06:20:17" source="prescan"><![CDATA[NO_VIRUS]]></detection>
      </detections>
    </sample>
    <sample>
      <hashes>
        <hash type="md5">483E6BE112650745C0DB0814593E3C95</hash>
      </hashes>
      <detections>
        <detection vendor="avira" date="2013-10-01T06:20:17" source="prescan"><![CDATA[NO_VIRUS]]></detection>
      </detections>
    </sample>
    <sample>
      <hashes>
        <hash type="md5">488CAC7D16FA779A3FEC45C817A1D28D</hash>
      </hashes>
      <detections>
        <detection vendor="avira" date="2013-10-01T06:20:17" source="prescan"><![CDATA[NO_VIRUS]]></detection>
      </detections>
    </sample>
    <sample>
      <hashes>
        <hash type="md5">4A0FB14B26F1D4E5FDCCFB043299657C</hash>
      </hashes>
      <detections>
        <detection vendor="avira" date="2013-10-01T06:20:17" source="prescan"><![CDATA[NO_VIRUS]]></detection>
      </detections>
    </sample>
    <sample>
      <hashes>
        <hash type="md5">52C0F20AE6F41C676868C28AB751CE83</hash>
      </hashes>
      <detections>
        <detection vendor="avira" date="2013-10-01T06:20:17" source="prescan"><![CDATA[NO_VIRUS]]></detection>
      </detections>
    </sample>
    <sample>
      <hashes>
        <hash type="md5">59FC9A29B6E468616856757A8B10AEEF</hash>
      </hashes>
      <detections>
        <detection vendor="avira" date="2013-10-01T06:20:17" source="prescan"><![CDATA[NO_VIRUS]]></detection>
      </detections>
    </sample>
    <sample>
      <hashes>
        <hash type="md5">5A4B2AB046552D7E99B4CFAC5B92E7F2</hash>
      </hashes>
      <detections>
        <detection vendor="avira" date="2013-10-01T06:20:17" source="prescan"><![CDATA[NO_VIRUS]]></detection>
      </detections>
    </sample>
    <sample>
      <hashes>
        <hash type="md5">5C433A45FB179E7B9A6F46AE38791B8F</hash>
      </hashes>
      <detections>
        <detection vendor="avira" date="2013-10-01T06:20:17" source="prescan"><![CDATA[NO_VIRUS]]></detection>
      </detections>
    </sample>
    <sample>
      <hashes>
        <hash type="md5">673BBCA2E7E3516EAA8EA076F01F779E</hash>
      </hashes>
      <detections>
        <detection vendor="avira" date="2013-10-01T06:20:17" source="prescan"><![CDATA[NO_VIRUS]]></detection>
      </detections>
    </sample>
    <sample>
      <hashes>
        <hash type="md5">6FE0BB99394C66A55D53A6D6E0EE6B3D</hash>
      </hashes>
      <detections>
        <detection vendor="avira" date="2013-10-01T06:20:17" source="prescan"><![CDATA[NO_VIRUS]]></detection>
      </detections>
    </sample>
    <sample>
      <hashes>
        <hash type="md5">785C72ECC1CA772C85B731DCDC22A8B2</hash>
      </hashes>
      <detections>
        <detection vendor="avira" date="2013-10-01T06:20:17" source="prescan"><![CDATA[NO_VIRUS]]></detection>
      </detections>
    </sample>
    <sample>
      <hashes>
        <hash type="md5">816220C5A957D3DE017765A8859762DA</hash>
      </hashes>
      <detections>
        <detection vendor="avira" date="2013-10-01T06:20:17" source="prescan"><![CDATA[NO_VIRUS]]></detection>
      </detections>
    </sample>
    <sample>
      <hashes>
        <hash type="md5">8162E72295E2289D0344DC2D26AFF006</hash>
      </hashes>
      <detections>
        <detection vendor="avira" date="2013-10-01T06:20:17" source="prescan"><![CDATA[NO_VIRUS]]></detection>
      </detections>
    </sample>
    <sample>
      <hashes>
        <hash type="md5">82C39F5BEFF2EFA2BB07C7EC87D0C2A5</hash>
      </hashes>
      <detections>
        <detection vendor="avira" date="2013-10-01T06:20:17" source="prescan"><![CDATA[NO_VIRUS]]></detection>
      </detections>
    </sample>
    <sample>
      <hashes>
        <hash type="md5">864758041583832BEBF7FB3EDF15DE61</hash>
      </hashes>
      <detections>
        <detection vendor="avira" date="2013-10-01T06:20:17" source="prescan"><![CDATA[NO_VIRUS]]></detection>
      </detections>
    </sample>
    <sample>
      <hashes>
        <hash type="md5">8A84471DA52ABB7FB7AFE71E18CBE1A8</hash>
      </hashes>
      <detections>
        <detection vendor="avira" date="2013-10-01T06:20:17" source="prescan"><![CDATA[NO_VIRUS]]></detection>
      </detections>
    </sample>
    <sample>
      <hashes>
        <hash type="md5">8E3E31AEFBC5FF3D1E682A9A770C1397</hash>
      </hashes>
      <detections>
        <detection vendor="avira" date="2013-10-01T06:20:17" source="prescan"><![CDATA[NO_VIRUS]]></detection>
      </detections>
    </sample>
    <sample>
      <hashes>
        <hash type="md5">93B8106F2D6BE727707CAC12A48F827E</hash>
      </hashes>
      <detections>
        <detection vendor="avira" date="2013-10-01T06:20:17" source="prescan"><![CDATA[NO_VIRUS]]></detection>
      </detections>
    </sample>
    <sample>
      <hashes>
        <hash type="md5">960ECA73802BA60347B0B89D5DA17565</hash>
      </hashes>
      <detections>
        <detection vendor="avira" date="2013-10-01T06:20:17" source="prescan"><![CDATA[NO_VIRUS]]></detection>
      </detections>
    </sample>
    <sample>
      <hashes>
        <hash type="md5">A5F4FC5F785E5565100C10D334871947</hash>
      </hashes>
      <detections>
        <detection vendor="avira" date="2013-10-01T06:20:17" source="prescan"><![CDATA[NO_VIRUS]]></detection>
      </detections>
    </sample>
    <sample>
      <hashes>
        <hash type="md5">AACCD00CC2DF427A35334AC459E494A4</hash>
      </hashes>
      <detections>
        <detection vendor="avira" date="2013-10-01T06:20:17" source="prescan"><![CDATA[NO_VIRUS]]></detection>
      </detections>
    </sample>
    <sample>
      <hashes>
        <hash type="md5">B7D615139C081E815CB04480786B6739</hash>
      </hashes>
      <detections>
        <detection vendor="avira" date="2013-10-01T06:20:17" source="prescan"><![CDATA[NO_VIRUS]]></detection>
      </detections>
    </sample>
    <sample>
      <hashes>
        <hash type="md5">C5F7FBFFEB29BF22CC2FF32E40A21211</hash>
      </hashes>
      <detections>
        <detection vendor="avira" date="2013-10-01T06:20:17" source="prescan"><![CDATA[NO_VIRUS]]></detection>
      </detections>
    </sample>
    <sample>
      <hashes>
        <hash type="md5">C90663C73379FB92F5C8C8D1744EC23A</hash>
      </hashes>
      <detections>
        <detection vendor="avira" date="2013-10-01T06:20:17" source="prescan"><![CDATA[NO_VIRUS]]></detection>
      </detections>
    </sample>
    <sample>
      <hashes>
        <hash type="md5">D496AB2A4B561E3F6C25649CFF827BF4</hash>
      </hashes>
      <detections>
        <detection vendor="avira" date="2013-10-01T06:20:17" source="prescan"><![CDATA[NO_VIRUS]]></detection>
      </detections>
    </sample>
    <sample>
      <hashes>
        <hash type="md5">D6213D4B70BA9B6C57694E50163F9A4C</hash>
      </hashes>
      <detections>
        <detection vendor="avira" date="2013-10-01T06:20:17" source="prescan"><![CDATA[NO_VIRUS]]></detection>
      </detections>
    </sample>
    <sample>
      <hashes>
        <hash type="md5">D820DAC82265F1C9018D96B51399E4A4</hash>
      </hashes>
      <detections>
        <detection vendor="avira" date="2013-10-01T06:20:17" source="prescan"><![CDATA[NO_VIRUS]]></detection>
      </detections>
    </sample>
    <sample>
      <hashes>
        <hash type="md5">E927694CAF0C894A699582FEFAD46724</hash>
      </hashes>
      <detections>
        <detection vendor="avira" date="2013-10-01T06:20:17" source="prescan"><![CDATA[NO_VIRUS]]></detection>
      </detections>
    </sample>
    <sample>
      <hashes>
        <hash type="md5">F0D40FB133AA51DA5E8BAA7A92A49FB6</hash>
      </hashes>
      <detections>
        <detection vendor="avira" date="2013-10-01T06:20:17" source="prescan"><![CDATA[NO_VIRUS]]></detection>
      </detections>
    </sample>
    <sample>
      <hashes>
        <hash type="md5">F43E928AF54EBDBE5D2B11E7C55AB5D0</hash>
      </hashes>
      <detections>
        <detection vendor="avira" date="2013-10-01T06:20:17" source="prescan"><![CDATA[NO_VIRUS]]></detection>
      </detections>
    </sample>
    <sample>
      <hashes>
        <hash type="md5">F855D2D46D9FE96FF090A305BFAAB60A</hash>
      </hashes>
      <detections>
        <detection vendor="avira" date="2013-10-01T06:20:17" source="prescan"><![CDATA[NO_VIRUS]]></detection>
      </detections>
    </sample>
    <sample>
      <hashes>
        <hash type="md5">FA94119A85688C400EF2DAB0CEF97621</hash>
      </hashes>
      <detections>
        <detection vendor="avira" date="2013-10-01T06:20:17" source="prescan"><![CDATA[NO_VIRUS]]></detection>
      </detections>
    </sample>
    <sample>
      <hashes>
        <hash type="md5">FF40DC50FEC42BDDA90F95095AC3EABD</hash>
      </hashes>
      <detections>
        <detection vendor="avira" date="2013-10-01T06:20:17" source="prescan"><![CDATA[NO_VIRUS]]></detection>
      </detections>
    </sample>
  </samples>
</metadata>
